Video,Quality,Status,TimeStall,Eid,Date,Time,Category
CHSnz0bCaUk,"unknown,",3,0.0,11ip,2024-03-11,15:05:14,buffering
CHSnz0bCaUk,"unknown,",-1,0.0,11ip,2024-03-11,15:05:14,unstarted
CHSnz0bCaUk,"large,",1,0.07065893896,11ip,2024-03-11,15:05:15,playing
CHSnz0bCaUk,"large,",3,25.702917,11ip,2024-03-11,15:05:31,buffering
CHSnz0bCaUk,"large,",1,25.73429593,11ip,2024-03-11,15:05:31,playing
CHSnz0bCaUk,"hd2160,",3,27.819465,11ip,2024-03-11,15:05:34,buffering
CHSnz0bCaUk,"hd2160,",1,37.95760695,11ip,2024-03-11,15:07:13,playing
CHSnz0bCaUk,"hd2160,",3,42.635167,11ip,2024-03-11,15:07:18,buffering
CHSnz0bCaUk,"medium,",1,43.41153114,11ip,2024-03-11,15:08:02,playing
CHSnz0bCaUk,"large,",0,267.601,11ip,2024-03-11,15:11:47,ended
