Video,Quality,Status,TimeStall,Eid,Date,Time,Category
jAa58N4Jlos,"unknown,",3,0.0,18in,2024-02-18,17:30:57,buffering
jAa58N4Jlos,"unknown,",-1,0.0,18in,2024-02-18,17:30:57,unstarted
jAa58N4Jlos,"medium,",1,0.07798788747,18in,2024-02-18,17:30:59,playing
jAa58N4Jlos,"large,",3,22.511475,18in,2024-02-18,17:31:12,buffering
jAa58N4Jlos,"large,",1,22.60752504,18in,2024-02-18,17:31:13,playing
jAa58N4Jlos,"hd2160,",3,28.09895,18in,2024-02-18,17:31:19,buffering
jAa58N4Jlos,"hd2160,",1,28.17805311,18in,2024-02-18,17:31:21,playing
jAa58N4Jlos,"hd2160,",2,186.859476,18in,2024-02-18,17:34:00,paused
