Video,Quality,Status,TimeStall,Eid,Date,Time,Category
Baur2Ypgd60,"unknown,",-1,0.0,24w2,2024-02-24,14:37:02,unstarted
Baur2Ypgd60,"unknown,",3,0.0,24w2,2024-02-24,14:37:02,buffering
Baur2Ypgd60,"hd2160,",1,0.07999905341,24w2,2024-02-24,14:37:03,playing
Baur2Ypgd60,"hd2160,",0,204.941,24w2,2024-02-24,14:40:28,ended
OHOpb2fS-cM,"unknown,",-1,0.0,29w,2024-02-29,14:43:02,unstarted
OHOpb2fS-cM,"unknown,",3,0.0,29w,2024-02-29,14:43:02,buffering
OHOpb2fS-cM,"large,",1,0.04182004196,29w,2024-02-29,14:43:03,playing
OHOpb2fS-cM,"large,",2,661.1397515,29w,2024-02-29,14:44:44,paused
OHOpb2fS-cM,"large,",3,661.1397515,29w,2024-02-29,14:44:44,buffering
OHOpb2fS-cM,"large,",1,661.261195,29w,2024-02-29,14:44:49,playing
OHOpb2fS-cM,"hd2160,",3,662.006532,29w,2024-02-29,14:44:50,buffering
OHOpb2fS-cM,"hd2160,",1,672.0880019,29w,2024-02-29,14:45:59,playing
OHOpb2fS-cM,"hd2160,",3,677.081549,29w,2024-02-29,14:46:04,buffering
OHOpb2fS-cM,"hd2160,",1,677.6970899,29w,2024-02-29,14:46:40,playing
OHOpb2fS-cM,"hd2160,",3,682.300443,29w,2024-02-29,14:46:45,buffering
OHOpb2fS-cM,"hd2160,",1,683.0971891,29w,2024-02-29,14:47:21,playing
OHOpb2fS-cM,"hd2160,",3,685.832832,29w,2024-02-29,14:47:24,buffering
OHOpb2fS-cM,"hd2160,",1,686.680159,29w,2024-02-29,14:47:56,playing
OHOpb2fS-cM,"hd2160,",3,689.389289,29w,2024-02-29,14:47:59,buffering
OHOpb2fS-cM,"hd2160,",1,690.0201741,29w,2024-02-29,14:48:37,playing
OHOpb2fS-cM,"hd2160,",3,693.78525,29w,2024-02-29,14:48:41,buffering
OHOpb2fS-cM,"hd2160,",1,694.4111709,29w,2024-02-29,14:49:13,playing
OHOpb2fS-cM,"hd2160,",3,697.22271,29w,2024-02-29,14:49:16,buffering
OHOpb2fS-cM,"hd2160,",1,697.9794832,29w,2024-02-29,14:49:49,playing
OHOpb2fS-cM,"hd2160,",3,699.423105,29w,2024-02-29,14:49:51,buffering
OHOpb2fS-cM,"hd2160,",2,699.99449,29w,2024-02-29,14:50:00,paused
OHOpb2fS-cM,"hd2160,",1,700.0034901,29w,2024-02-29,14:50:00,playing
Baur2Ypgd60,"unknown,",-1,0.0,1ww,2024-03-01,13:27:43,unstarted
Baur2Ypgd60,"unknown,",3,0.0,1ww,2024-03-01,13:27:43,buffering
Baur2Ypgd60,"medium,",1,0.1030430744,1ww,2024-03-01,13:27:43,playing
Baur2Ypgd60,"large,",0,204.941,1ww,2024-03-01,13:31:09,ended
Baur2Ypgd60,"unknown,",3,0.0,10wy,2024-03-10,17:39:19,buffering
Baur2Ypgd60,"unknown,",-1,0.0,10wy,2024-03-10,17:39:19,unstarted
Baur2Ypgd60,"medium,",1,0.09166192943,10wy,2024-03-10,17:39:20,playing
Baur2Ypgd60,"hd2160,",3,12.01847,10wy,2024-03-10,17:39:32,buffering
Baur2Ypgd60,"hd2160,",1,12.12308203,10wy,2024-03-10,17:40:56,playing
Baur2Ypgd60,"hd2160,",3,17.606013,10wy,2024-03-10,17:41:02,buffering
Baur2Ypgd60,"small,",1,18.44396004,10wy,2024-03-10,17:41:18,playing
Baur2Ypgd60,"large,",0,204.941,10wy,2024-03-10,17:44:25,ended
