Video,Quality,Status,TimeStall,Eid,Date,Time,Category
jAa58N4Jlos,"unknown,",3,0.0,18in,2024-02-18,17:30:57,buffering
jAa58N4Jlos,"unknown,",-1,0.0,18in,2024-02-18,17:30:57,unstarted
jAa58N4Jlos,"medium,",1,0.07798788747,18in,2024-02-18,17:30:59,playing
jAa58N4Jlos,"large,",3,22.511475,18in,2024-02-18,17:31:12,buffering
jAa58N4Jlos,"large,",1,22.60752504,18in,2024-02-18,17:31:13,playing
jAa58N4Jlos,"hd2160,",3,28.09895,18in,2024-02-18,17:31:19,buffering
jAa58N4Jlos,"hd2160,",1,28.17805311,18in,2024-02-18,17:31:21,playing
jAa58N4Jlos,"hd2160,",2,186.859476,18in,2024-02-18,17:34:00,paused
Baur2Ypgd60,"unknown,",3,0.0,24i,2024-02-24,12:26:25,buffering
Baur2Ypgd60,"unknown,",-1,0.0,24i,2024-02-24,12:26:25,unstarted
Baur2Ypgd60,"hd2160,",1,0.0790279485,24i,2024-02-24,12:26:26,playing
Baur2Ypgd60,"hd2160,",0,204.941,24i,2024-02-24,12:29:52,ended
JMbBjKnUoC4,"unknown,",-1,0.0,24i2,2024-02-24,12:31:43,unstarted
JMbBjKnUoC4,"unknown,",3,0.0,24i2,2024-02-24,12:31:43,buffering
JMbBjKnUoC4,"hd2160,",1,0.06311811444,24i2,2024-02-24,12:31:44,playing
JMbBjKnUoC4,"hd2160,",2,382.142524,24i2,2024-02-24,12:38:07,paused
Baur2Ypgd60,"unknown,",-1,0.0,24i5,2024-02-25,22:49:52,unstarted
Baur2Ypgd60,"unknown,",3,0.0,24i5,2024-02-25,22:49:52,buffering
Baur2Ypgd60,"hd2160,",1,0.2212730668,24i5,2024-02-25,22:49:54,playing
Baur2Ypgd60,"hd2160,",0,204.941,24i5,2024-02-25,22:53:19,ended
Baur2Ypgd60,"unknown,",3,0.0,27i,2024-02-28,20:31:31,buffering
Baur2Ypgd60,"unknown,",-1,0.0,27i,2024-02-28,20:31:31,unstarted
Baur2Ypgd60,"hd2160,",1,0.174926939,27i,2024-02-28,20:31:32,playing
Baur2Ypgd60,"hd2160,",0,204.941,27i,2024-02-28,20:34:57,ended
CHSnz0bCaUk,"unknown,",3,0.0,11ip,2024-03-11,15:05:14,buffering
CHSnz0bCaUk,"unknown,",-1,0.0,11ip,2024-03-11,15:05:14,unstarted
CHSnz0bCaUk,"large,",1,0.07065893896,11ip,2024-03-11,15:05:15,playing
CHSnz0bCaUk,"large,",3,25.702917,11ip,2024-03-11,15:05:31,buffering
CHSnz0bCaUk,"large,",1,25.73429593,11ip,2024-03-11,15:05:31,playing
CHSnz0bCaUk,"hd2160,",3,27.819465,11ip,2024-03-11,15:05:34,buffering
CHSnz0bCaUk,"hd2160,",1,37.95760695,11ip,2024-03-11,15:07:13,playing
CHSnz0bCaUk,"hd2160,",3,42.635167,11ip,2024-03-11,15:07:18,buffering
CHSnz0bCaUk,"medium,",1,43.41153114,11ip,2024-03-11,15:08:02,playing
CHSnz0bCaUk,"large,",0,267.601,11ip,2024-03-11,15:11:47,ended
