Video,Quality,Status,TimeStall,Eid,Date,Time,Category
LXb3EKWsInQ,"unknown,",-1,0.0,18in3,2024-02-18,17:47:20,unstarted
LXb3EKWsInQ,"unknown,",3,0.0,18in3,2024-02-18,17:47:20,buffering
LXb3EKWsInQ,"hd2160,",1,0.1084122079,18in3,2024-02-18,17:47:22,playing
LXb3EKWsInQ,"hd2160,",3,5.8223,18in3,2024-02-18,17:47:28,buffering
LXb3EKWsInQ,"hd1440,",1,5.827299876,18in3,2024-02-18,17:47:30,playing
LXb3EKWsInQ,"hd1440,",3,5.8223,18in3,2024-02-18,17:47:49,buffering
LXb3EKWsInQ,"hd1080,",1,5.833299918,18in3,2024-02-18,17:50:42,playing
LXb3EKWsInQ,"hd1080,",3,5.8223,18in3,2024-02-18,17:51:02,buffering
LXb3EKWsInQ,"hd720,",1,5.826299949,18in3,2024-02-18,17:51:53,playing
LXb3EKWsInQ,"hd720,",3,5.8223,18in3,2024-02-18,17:52:12,buffering
