Video,Quality,Status,TimeStall,Eid,Date,Time,Category
CHSnz0bCaUk,"unknown,",-1,0.0,2iu,2024-03-03,21:38:41,unstarted
CHSnz0bCaUk,"unknown,",3,0.0,2iu,2024-03-03,21:38:41,buffering
CHSnz0bCaUk,"large,",1,0.1153950629,2iu,2024-03-03,21:38:42,playing
CHSnz0bCaUk,"large,",3,232.8015064,2iu,2024-03-03,21:38:58,buffering
CHSnz0bCaUk,"large,",2,232.8015064,2iu,2024-03-03,21:38:58,paused
CHSnz0bCaUk,"large,",1,251.6308769,2iu,2024-03-03,21:40:10,playing
CHSnz0bCaUk,"large,",2,246.5115185,2iu,2024-03-03,21:40:16,paused
CHSnz0bCaUk,"large,",3,17.84366717,2iu,2024-03-03,21:40:18,buffering
CHSnz0bCaUk,"medium,",1,17.99298921,2iu,2024-03-03,21:40:20,playing
CHSnz0bCaUk,"large,",2,155.055256,2iu,2024-03-03,21:42:37,paused
