Video,Quality,Status,TimeStall,Eid,Date,Time,Category
Baur2Ypgd60,"unknown,",-1,0.0,29i,2024-02-29,13:01:38,unstarted
Baur2Ypgd60,"unknown,",3,0.0,29i,2024-02-29,13:01:38,buffering
Baur2Ypgd60,"hd2160,",1,0.06525802098,29i,2024-02-29,13:01:39,playing
Baur2Ypgd60,"hd2160,",3,7.61515,29i,2024-02-29,13:01:48,buffering
Baur2Ypgd60,"hd2160,",1,8.320872114,29i,2024-02-29,13:02:13,playing
Baur2Ypgd60,"hd2160,",3,11.080375,29i,2024-02-29,13:02:16,buffering
Baur2Ypgd60,"medium,",1,11.86310999,29i,2024-02-29,13:02:50,playing
Baur2Ypgd60,"hd720,",0,204.941,29i,2024-02-29,13:06:03,ended
