Video,Quality,Status,TimeStall,Eid,Date,Time,Category
jAa58N4Jlos,"unknown,",-1,0.0,16i8,2024-03-16,17:20:08,unstarted
jAa58N4Jlos,"unknown,",3,0.0,16i8,2024-03-16,17:20:08,buffering
jAa58N4Jlos,"medium,",1,0.04862204196,16i8,2024-03-16,17:20:09,playing
jAa58N4Jlos,"hd2160,",3,11.341599,16i8,2024-03-16,17:20:21,buffering
jAa58N4Jlos,"hd2160,",1,21.4674278,16i8,2024-03-16,17:21:38,playing
jAa58N4Jlos,"hd2160,",3,26.6722,16i8,2024-03-16,17:21:44,buffering
jAa58N4Jlos,"medium,",1,27.40349482,16i8,2024-03-16,17:21:48,playing
jAa58N4Jlos,"large,",0,217.621,16i8,2024-03-16,17:24:59,ended
