Video,Quality,Status,TimeStall,Eid,Date,Time,Category
puLAJaabJh0,"unknown,",-1,0.0,18in2,2024-02-18,17:42:06,unstarted
puLAJaabJh0,"unknown,",3,0.0,18in2,2024-02-18,17:42:06,buffering
puLAJaabJh0,"hd2160,",1,0.09698696948,18in2,2024-02-18,17:42:08,playing
puLAJaabJh0,"hd2160,",3,184.374635,18in2,2024-02-18,17:45:03,buffering
puLAJaabJh0,"hd2160,",1,184.4944122,18in2,2024-02-18,17:45:05,playing
puLAJaabJh0,"hd2160,",2,729.36907,18in2,2024-02-18,17:45:29,paused
puLAJaabJh0,"hd2160,",3,729.36907,18in2,2024-02-18,17:45:29,buffering
puLAJaabJh0,"hd2160,",1,729.47048,18in2,2024-02-18,17:45:33,playing
puLAJaabJh0,"hd2160,",2,722.7819662,18in2,2024-02-18,17:45:37,paused
puLAJaabJh0,"hd2160,",3,298.129879,18in2,2024-02-18,17:45:38,buffering
puLAJaabJh0,"hd2160,",1,298.1707659,18in2,2024-02-18,17:45:42,playing
puLAJaabJh0,"hd2160,",2,341.94104,18in2,2024-02-18,17:46:27,paused
