Video,Quality,Status,TimeStall,Eid,Date,Time,Category
pSnB7Uh8dvQ,"unknown,",3,0.0,20i,2024-02-20,14:18:40,buffering
pSnB7Uh8dvQ,"unknown,",-1,0.0,20i,2024-02-20,14:18:40,unstarted
pSnB7Uh8dvQ,"hd2160,",1,0.09606488747,20i,2024-02-20,14:18:42,playing
pSnB7Uh8dvQ,"hd2160,",3,138.109729,20i,2024-02-20,14:21:01,buffering
pSnB7Uh8dvQ,"hd2160,",1,138.8945,20i,2024-02-20,14:21:08,playing
pSnB7Uh8dvQ,"hd2160,",3,144.194176,20i,2024-02-20,14:21:14,buffering
pSnB7Uh8dvQ,"hd2160,",1,144.863778,20i,2024-02-20,14:21:15,playing
pSnB7Uh8dvQ,"hd2160,",3,148.128934,20i,2024-02-20,14:21:19,buffering
pSnB7Uh8dvQ,"hd2160,",1,148.9222499,20i,2024-02-20,14:21:21,playing
pSnB7Uh8dvQ,"hd1080,",3,152.160502,20i,2024-02-20,14:21:25,buffering
pSnB7Uh8dvQ,"hd1080,",1,152.9871929,20i,2024-02-20,14:21:27,playing
pSnB7Uh8dvQ,"hd2160,",3,183.646635,20i,2024-02-20,14:21:59,buffering
pSnB7Uh8dvQ,"hd2160,",1,184.303238,20i,2024-02-20,14:22:01,playing
pSnB7Uh8dvQ,"hd2160,",3,187.605244,20i,2024-02-20,14:22:04,buffering
pSnB7Uh8dvQ,"hd2160,",1,188.4233382,20i,2024-02-20,14:22:06,playing
pSnB7Uh8dvQ,"hd2160,",3,191.740326,20i,2024-02-20,14:22:10,buffering
pSnB7Uh8dvQ,"hd2160,",1,192.4457499,20i,2024-02-20,14:22:12,playing
pSnB7Uh8dvQ,"hd2160,",3,195.917584,20i,2024-02-20,14:22:16,buffering
pSnB7Uh8dvQ,"hd2160,",1,196.5557498,20i,2024-02-20,14:22:18,playing
pSnB7Uh8dvQ,"hd2160,",3,200.372657,20i,2024-02-20,14:22:22,buffering
pSnB7Uh8dvQ,"hd2160,",1,201.20225,20i,2024-02-20,14:22:25,playing
pSnB7Uh8dvQ,"hd2160,",3,204.48323,20i,2024-02-20,14:22:29,buffering
pSnB7Uh8dvQ,"hd2160,",1,205.2752498,20i,2024-02-20,14:22:31,playing
pSnB7Uh8dvQ,"hd2160,",3,208.545737,20i,2024-02-20,14:22:35,buffering
pSnB7Uh8dvQ,"hd1440,",1,209.3672499,20i,2024-02-20,14:22:38,playing
pSnB7Uh8dvQ,"hd2160,",3,212.901931,20i,2024-02-20,14:22:42,buffering
pSnB7Uh8dvQ,"hd2160,",1,213.8462839,20i,2024-02-20,14:22:44,playing
pSnB7Uh8dvQ,"hd2160,",3,217.117781,20i,2024-02-20,14:22:48,buffering
pSnB7Uh8dvQ,"hd2160,",1,217.8175001,20i,2024-02-20,14:22:50,playing
pSnB7Uh8dvQ,"hd1080,",3,223.687592,20i,2024-02-20,14:22:56,buffering
pSnB7Uh8dvQ,"hd1080,",1,224.478,20i,2024-02-20,14:22:59,playing
pSnB7Uh8dvQ,"hd1080,",3,227.819207,20i,2024-02-20,14:23:03,buffering
pSnB7Uh8dvQ,"hd1080,",1,228.5789999,20i,2024-02-20,14:23:05,playing
pSnB7Uh8dvQ,"hd2160,",3,318.780877,20i,2024-02-20,14:24:36,buffering
pSnB7Uh8dvQ,"hd1440,",1,319.5477499,20i,2024-02-20,14:24:42,playing
pSnB7Uh8dvQ,"hd2160,",0,344.281,20i,2024-02-20,14:25:08,ended
