Video,Quality,Status,TimeStall,Eid,Date,Time,Category
9jrP7460a4o,"unknown,",-1,0.0,24m,2024-02-24,14:28:31,unstarted
9jrP7460a4o,"unknown,",3,0.0,24m,2024-02-24,14:28:31,buffering
9jrP7460a4o,"hd2160,",1,0.1130069084,24m,2024-02-24,14:28:33,playing
9jrP7460a4o,"hd2160,",0,302.181,24m,2024-02-24,14:33:36,ended
VMs0yEVC00A,"unknown,",3,0.0,24m3,2024-02-24,16:06:20,buffering
VMs0yEVC00A,"unknown,",-1,0.0,24m3,2024-02-24,16:06:20,unstarted
VMs0yEVC00A,"hd2160,",1,0.1899011354,24m3,2024-02-24,16:06:22,playing
VMs0yEVC00A,"hd2160,",0,270.421,24m3,2024-02-24,16:10:53,ended
Baur2Ypgd60,"unknown,",-1,0.0,29m,2024-02-29,15:02:55,unstarted
Baur2Ypgd60,"unknown,",3,0.0,29m,2024-02-29,15:02:55,buffering
Baur2Ypgd60,"medium,",-1,0.052917,29m,2024-02-29,15:02:56,unstarted
Baur2Ypgd60,"medium,",1,0.09658913733,29m,2024-02-29,15:02:56,playing
Baur2Ypgd60,"large,",3,75.321837,29m,2024-02-29,15:04:02,buffering
Baur2Ypgd60,"large,",1,75.5040089,29m,2024-02-29,15:04:02,playing
Baur2Ypgd60,"hd2160,",3,79.682662,29m,2024-02-29,15:04:07,buffering
Baur2Ypgd60,"medium,",1,89.82590898,29m,2024-02-29,15:06:03,playing
Baur2Ypgd60,"large,",0,204.941,29m,2024-02-29,15:07:58,ended
OHOpb2fS-cM,"unknown,",-1,0.0,29m2,2024-02-29,15:12:55,unstarted
OHOpb2fS-cM,"unknown,",3,0.0,29m2,2024-02-29,15:12:55,buffering
OHOpb2fS-cM,"large,",1,0.07585592943,29m2,2024-02-29,15:12:56,playing
OHOpb2fS-cM,"large,",0,734.021,29m2,2024-02-29,15:25:10,ended
JMbBjKnUoC4,"unknown,",3,0.0,29m9,2024-02-29,16:54:42,buffering
JMbBjKnUoC4,"unknown,",-1,0.0,29m9,2024-02-29,16:54:42,unstarted
JMbBjKnUoC4,"large,",1,0.08635404196,29m9,2024-02-29,16:54:46,playing
JMbBjKnUoC4,"hd1080,",0,390.601,29m9,2024-02-29,17:01:17,ended
LXb3EKWsInQ,"unknown,",3,0.0,29mt,2024-02-29,17:02:36,buffering
LXb3EKWsInQ,"unknown,",-1,0.0,29mt,2024-02-29,17:02:36,unstarted
LXb3EKWsInQ,"large,",1,0.0590268455,29mt,2024-02-29,17:02:37,playing
LXb3EKWsInQ,"large,",0,313.801,29mt,2024-02-29,17:07:52,ended
JMbBjKnUoC4,"unknown,",3,0.0,1mm,2024-03-01,13:31:55,buffering
JMbBjKnUoC4,"unknown,",-1,0.0,1mm,2024-03-01,13:31:55,unstarted
JMbBjKnUoC4,"hd720,",1,0.08605993896,1mm,2024-03-01,13:31:56,playing
JMbBjKnUoC4,"hd1080,",0,390.601,1mm,2024-03-01,13:38:27,ended
JMbBjKnUoC4,"unknown,",3,0.0,1m2,2024-03-01,14:24:36,buffering
JMbBjKnUoC4,"unknown,",-1,0.0,1m2,2024-03-01,14:24:36,unstarted
JMbBjKnUoC4,"large,",1,0.08811903242,1m2,2024-03-01,14:24:36,playing
JMbBjKnUoC4,"hd1080,",0,390.601,1m2,2024-03-01,14:31:07,ended
Baur2Ypgd60,"unknown,",-1,0.0,15mn,2024-03-15,14:23:55,unstarted
Baur2Ypgd60,"unknown,",3,0.0,15mn,2024-03-15,14:23:55,buffering
Baur2Ypgd60,"large,",1,0.1392622079,15mn,2024-03-15,14:23:57,playing
Baur2Ypgd60,"medium,",0,204.941,15mn,2024-03-15,14:27:22,ended
VMs0yEVC00A,"unknown,",-1,0.0,22mn,2024-03-22,14:17:48,unstarted
VMs0yEVC00A,"unknown,",3,0.0,22mn,2024-03-22,14:17:48,buffering
VMs0yEVC00A,"large,",1,0.03888013542,22mn,2024-03-22,14:17:49,playing
VMs0yEVC00A,"hd720,",3,7.636109,22mn,2024-03-22,14:17:57,buffering
VMs0yEVC00A,"hd720,",1,8.464499918,22mn,2024-03-22,14:17:59,playing
VMs0yEVC00A,"large,",0,270.421,22mn,2024-03-22,14:22:22,ended
