Video,Quality,Status,TimeStall,Eid,Date,Time,Category
JMbBjKnUoC4,"unknown,",-1,0.0,i87,2024-06-21,16:19:14,unstarted
JMbBjKnUoC4,"unknown,",3,0.0,i87,2024-06-21,16:19:14,buffering
JMbBjKnUoC4,"hd1080,",1,0.08044482452,i87,2024-06-21,16:19:15,playing
JMbBjKnUoC4,"hd1440,",2,386.287253,i87,2024-06-21,16:25:42,paused
JMbBjKnUoC4,"hd1440,",3,386.287283,i87,2024-06-21,16:25:43,buffering
JMbBjKnUoC4,"hd1440,",1,386.4793031,i87,2024-06-21,16:25:43,playing
JMbBjKnUoC4,"hd1440,",0,390.621,i87,2024-06-21,16:25:48,ended
