Video,Quality,Status,TimeStall,Eid,Date,Time,Category
Baur2Ypgd60,"unknown,",-1,0.0,in2,2024-06-21,15:20:26,unstarted
Baur2Ypgd60,"unknown,",3,0.0,in2,2024-06-21,15:20:26,buffering
Baur2Ypgd60,"hd720,",1,0.04747396948,in2,2024-06-21,15:20:27,playing
Baur2Ypgd60,"large,",0,204.941,in2,2024-06-21,15:23:53,ended
JMbBjKnUoC4,"unknown,",-1,0.0,i87,2024-06-21,16:19:14,unstarted
JMbBjKnUoC4,"unknown,",3,0.0,i87,2024-06-21,16:19:14,buffering
JMbBjKnUoC4,"hd1080,",1,0.08044482452,i87,2024-06-21,16:19:15,playing
JMbBjKnUoC4,"hd1440,",2,386.287253,i87,2024-06-21,16:25:42,paused
JMbBjKnUoC4,"hd1440,",3,386.287283,i87,2024-06-21,16:25:43,buffering
JMbBjKnUoC4,"hd1440,",1,386.4793031,i87,2024-06-21,16:25:43,playing
JMbBjKnUoC4,"hd1440,",0,390.621,i87,2024-06-21,16:25:48,ended
jAa58N4Jlos,"unknown,",-1,0.0,i90,2024-06-21,16:29:34,unstarted
jAa58N4Jlos,"unknown,",3,0.0,i90,2024-06-21,16:29:34,buffering
jAa58N4Jlos,"large,",1,0.02378304196,i90,2024-06-21,16:29:35,playing
jAa58N4Jlos,"large,",2,215.730631,i90,2024-06-21,16:33:11,paused
9ZfN87gSjvI,"unknown,",-1,0.0,i09,2024-06-21,16:37:28,unstarted
9ZfN87gSjvI,"unknown,",3,0.0,i09,2024-06-21,16:37:28,buffering
9ZfN87gSjvI,"hd720,",1,0.05734904196,i09,2024-06-21,16:37:30,playing
9ZfN87gSjvI,"hd1080,",0,257.241,i09,2024-06-21,16:41:48,ended
