Video,Quality,Status,TimeStall,Eid,Date,Time,Category
9jrP7460a4o,"unknown,",3,0.0,mcar,2024-06-14,18:45:28,buffering
9jrP7460a4o,"unknown,",-1,0.0,mcar,2024-06-14,18:45:28,unstarted
9jrP7460a4o,"large,",1,0.04610402098,mcar,2024-06-14,18:45:30,playing
9jrP7460a4o,"medium,",3,59.125147,mcar,2024-06-14,18:46:30,buffering
9jrP7460a4o,"tiny,",1,59.71025019,mcar,2024-06-14,18:46:33,playing
9jrP7460a4o,"medium,",0,302.181,mcar,2024-06-14,18:50:36,ended
Baur2Ypgd60,"unknown,",3,0.0,mcar2,2024-06-14,18:51:49,buffering
Baur2Ypgd60,"unknown,",-1,0.0,mcar2,2024-06-14,18:51:49,unstarted
Baur2Ypgd60,"hd1080,",1,0.04237911444,mcar2,2024-06-14,18:51:51,playing
JMbBjKnUoC4,"unknown,",-1,0.0,mc3,2024-06-14,18:56:19,unstarted
JMbBjKnUoC4,"unknown,",3,0.0,mc3,2024-06-14,18:56:19,buffering
JMbBjKnUoC4,"hd1080,",1,0.07331104196,mc3,2024-06-14,18:56:20,playing
JMbBjKnUoC4,"hd720,",0,390.621,mc3,2024-06-14,19:02:51,ended
9ZfN87gSjvI,"unknown,",-1,0.0,mc4,2024-06-14,19:13:50,unstarted
9ZfN87gSjvI,"unknown,",3,0.0,mc4,2024-06-14,19:13:50,buffering
9ZfN87gSjvI,"hd720,",1,0.06449504196,mc4,2024-06-14,19:13:50,playing
9ZfN87gSjvI,"hd720,",0,257.241,mc4,2024-06-14,19:18:08,ended
9jrP7460a4o,"unknown,",-1,0.0,mc5,2024-06-14,15:37:08,unstarted
9jrP7460a4o,"unknown,",3,0.0,mc5,2024-06-14,15:37:08,buffering
9jrP7460a4o,"large,",1,0.0407119485,mc5,2024-06-14,15:37:09,playing
9jrP7460a4o,"large,",0,302.181,mc5,2024-06-14,15:42:12,ended
oh904_HdkwY,"unknown,",-1,0.0,mc6,2024-06-14,15:45:48,unstarted
oh904_HdkwY,"unknown,",3,0.0,mc6,2024-06-14,15:45:48,buffering
oh904_HdkwY,"large,",1,0.05477304196,mc6,2024-06-14,15:45:50,playing
oh904_HdkwY,"hd2160,",3,57.534996,mc6,2024-06-14,15:46:48,buffering
oh904_HdkwY,"large,",1,187.345696,mc6,2024-06-14,15:47:31,playing
oh904_HdkwY,"large,",2,186.184237,mc6,2024-06-14,15:47:31,paused
oh904_HdkwY,"large,",3,157.4397527,mc6,2024-06-14,15:47:32,buffering
oh904_HdkwY,"large,",1,167.6780489,mc6,2024-06-14,15:47:35,playing
oh904_HdkwY,"large,",2,170.706996,mc6,2024-06-14,15:47:39,paused
oh904_HdkwY,"large,",3,54.424606,mc6,2024-06-14,15:47:45,buffering
oh904_HdkwY,"large,",1,54.61443908,mc6,2024-06-14,15:47:46,playing
oh904_HdkwY,"large,",0,191.321,mc6,2024-06-14,15:50:03,ended
oh904_HdkwY,"unknown,",3,0.0,mc6,2024-06-15,8:54:57,buffering
oh904_HdkwY,"unknown,",-1,0.0,mc6,2024-06-15,8:54:57,unstarted
oh904_HdkwY,"large,",1,0.03421087602,mc6,2024-06-15,8:54:57,playing
oh904_HdkwY,"large,",0,191.321,mc6,2024-06-15,8:58:09,ended
LXb3EKWsInQ,"unknown,",-1,0.0,mc7,2024-06-15,8:58:45,unstarted
LXb3EKWsInQ,"unknown,",3,0.0,mc7,2024-06-15,8:58:45,buffering
LXb3EKWsInQ,"large,",1,0.02642311444,mc7,2024-06-15,8:58:46,playing
LXb3EKWsInQ,"large,",0,313.801,mc7,2024-06-15,9:04:00,ended
CHSnz0bCaUk,"unknown,",3,0.0,mc8,2024-06-15,9:04:59,buffering
CHSnz0bCaUk,"unknown,",-1,0.0,mc8,2024-06-15,9:04:59,unstarted
CHSnz0bCaUk,"large,",1,0.03470318692,mc8,2024-06-15,9:05:00,playing
CHSnz0bCaUk,"large,",0,267.601,mc8,2024-06-15,9:09:28,ended
pSnB7Uh8dvQ,"unknown,",-1,0.0,mc9,2024-06-15,9:23:52,unstarted
pSnB7Uh8dvQ,"unknown,",3,0.0,mc9,2024-06-15,9:23:52,buffering
pSnB7Uh8dvQ,"large,",1,0.0441819485,mc9,2024-06-15,9:23:54,playing
pSnB7Uh8dvQ,"hd1080,",3,11.485225,mc9,2024-06-15,9:24:06,buffering
pSnB7Uh8dvQ,"medium,",1,12.11550009,mc9,2024-06-15,9:24:09,playing
pSnB7Uh8dvQ,"large,",0,344.281,mc9,2024-06-15,9:29:42,ended
9GvTYd5hG_g,"unknown,",3,0.0,mc10,2024-06-15,10:14:18,buffering
9GvTYd5hG_g,"unknown,",-1,0.0,mc10,2024-06-15,10:14:18,unstarted
9GvTYd5hG_g,"hd720,",1,0.04782995995,mc10,2024-06-15,10:14:19,playing
9GvTYd5hG_g,"hd1080,",0,227.801,mc10,2024-06-15,10:18:07,ended
OHOpb2fS-cM,"unknown,",-1,0.0,mc12,2024-06-15,12:30:49,unstarted
OHOpb2fS-cM,"unknown,",3,0.0,mc12,2024-06-15,12:30:49,buffering
OHOpb2fS-cM,"hd720,",1,0.04594006294,mc12,2024-06-15,12:30:50,playing
OHOpb2fS-cM,"large,",0,734.021,mc12,2024-06-15,12:43:04,ended
