Video,Quality,Status,TimeStall,Eid,Date,Time,Category
Baur2Ypgd60,"unknown,",3,0.0,23m,2024-02-23,13:37:22,buffering
Baur2Ypgd60,"unknown,",-1,0.0,23m,2024-02-23,13:37:22,unstarted
Baur2Ypgd60,"hd2160,",1,0.09488212589,23m,2024-02-23,13:37:24,playing
Baur2Ypgd60,"hd2160,",0,204.941,23m,2024-02-23,13:40:49,ended
jAa58N4Jlos,"unknown,",3,0.0,23m2,2024-02-23,14:21:51,buffering
jAa58N4Jlos,"unknown,",-1,0.0,23m2,2024-02-23,14:21:51,unstarted
jAa58N4Jlos,"hd2160,",1,0.1763949809,23m2,2024-02-23,14:21:53,playing
jAa58N4Jlos,"hd2160,",2,215.064238,23m2,2024-02-23,14:25:28,paused
