Video,Quality,Video Bytes Downloaded,Loaded Percentage,Eid,Date,Time
LXb3EKWsInQ,large,0.01031226797,1.0,mc7,2024-06-15,8:58:46
LXb3EKWsInQ,large,0.01605476082,1.6,mc7,2024-06-15,8:58:47
LXb3EKWsInQ,large,0.01605476082,1.6,mc7,2024-06-15,8:58:48
LXb3EKWsInQ,large,0.04306232294,4.3,mc7,2024-06-15,8:58:49
LXb3EKWsInQ,large,0.04306232294,4.3,mc7,2024-06-15,8:58:50
LXb3EKWsInQ,large,0.04306232294,4.3,mc7,2024-06-15,8:58:51
LXb3EKWsInQ,large,0.04306232294,4.3,mc7,2024-06-15,8:58:52
LXb3EKWsInQ,large,0.04306232294,4.3,mc7,2024-06-15,8:58:53
LXb3EKWsInQ,large,0.08027699083,8.0,mc7,2024-06-15,8:58:54
LXb3EKWsInQ,large,0.08027699083,8.0,mc7,2024-06-15,8:58:55
LXb3EKWsInQ,large,0.08027699083,8.0,mc7,2024-06-15,8:58:56
LXb3EKWsInQ,large,0.08027699083,8.0,mc7,2024-06-15,8:58:57
LXb3EKWsInQ,large,0.08027699083,8.0,mc7,2024-06-15,8:58:58
LXb3EKWsInQ,large,0.08027699083,8.0,mc7,2024-06-15,8:58:59
LXb3EKWsInQ,large,0.08027699083,8.0,mc7,2024-06-15,8:59:00
LXb3EKWsInQ,large,0.09560517653,9.6,mc7,2024-06-15,8:59:01
LXb3EKWsInQ,large,0.1274725065,12.7,mc7,2024-06-15,8:59:02
LXb3EKWsInQ,large,0.1445024076,14.5,mc7,2024-06-15,8:59:03
LXb3EKWsInQ,large,0.1445024076,14.5,mc7,2024-06-15,8:59:04
LXb3EKWsInQ,large,0.1445024076,14.5,mc7,2024-06-15,8:59:05
LXb3EKWsInQ,large,0.1445024076,14.5,mc7,2024-06-15,8:59:06
LXb3EKWsInQ,large,0.1445024076,14.5,mc7,2024-06-15,8:59:07
LXb3EKWsInQ,large,0.1912071663,19.1,mc7,2024-06-15,8:59:08
LXb3EKWsInQ,large,0.1912071663,19.1,mc7,2024-06-15,8:59:09
LXb3EKWsInQ,large,0.2247825851,22.5,mc7,2024-06-15,8:59:10
LXb3EKWsInQ,large,0.2247825851,22.5,mc7,2024-06-15,8:59:11
LXb3EKWsInQ,large,0.2247825851,22.5,mc7,2024-06-15,8:59:12
LXb3EKWsInQ,large,0.2247825851,22.5,mc7,2024-06-15,8:59:13
LXb3EKWsInQ,large,0.2247825851,22.5,mc7,2024-06-15,8:59:14
LXb3EKWsInQ,large,0.2247825851,22.5,mc7,2024-06-15,8:59:15
LXb3EKWsInQ,large,0.2868091561,28.7,mc7,2024-06-15,8:59:16
LXb3EKWsInQ,large,0.2868091561,28.7,mc7,2024-06-15,8:59:17
LXb3EKWsInQ,large,0.2868091561,28.7,mc7,2024-06-15,8:59:18
LXb3EKWsInQ,large,0.2868091561,28.7,mc7,2024-06-15,8:59:19
LXb3EKWsInQ,large,0.2868091561,28.7,mc7,2024-06-15,8:59:20
LXb3EKWsInQ,large,0.2868091561,28.7,mc7,2024-06-15,8:59:21
LXb3EKWsInQ,large,0.2868091561,28.7,mc7,2024-06-15,8:59:22
LXb3EKWsInQ,large,0.2868091561,28.7,mc7,2024-06-15,8:59:23
LXb3EKWsInQ,large,0.3050627627,30.5,mc7,2024-06-15,8:59:24
LXb3EKWsInQ,large,0.3050627627,30.5,mc7,2024-06-15,8:59:25
LXb3EKWsInQ,large,0.3050627627,30.5,mc7,2024-06-15,8:59:26
LXb3EKWsInQ,large,0.3050627627,30.5,mc7,2024-06-15,8:59:27
LXb3EKWsInQ,large,0.3692849927,36.9,mc7,2024-06-15,8:59:28
LXb3EKWsInQ,large,0.3692849927,36.9,mc7,2024-06-15,8:59:29
LXb3EKWsInQ,large,0.3692849927,36.9,mc7,2024-06-15,8:59:30
LXb3EKWsInQ,large,0.3692849927,36.9,mc7,2024-06-15,8:59:31
LXb3EKWsInQ,large,0.3692849927,36.9,mc7,2024-06-15,8:59:32
LXb3EKWsInQ,large,0.3692849927,36.9,mc7,2024-06-15,8:59:33
LXb3EKWsInQ,large,0.3692849927,36.9,mc7,2024-06-15,8:59:34
LXb3EKWsInQ,large,0.3692849927,36.9,mc7,2024-06-15,8:59:35
LXb3EKWsInQ,large,0.3692849927,36.9,mc7,2024-06-15,8:59:36
LXb3EKWsInQ,large,0.3692849927,36.9,mc7,2024-06-15,8:59:37
LXb3EKWsInQ,large,0.3692849927,36.9,mc7,2024-06-15,8:59:38
LXb3EKWsInQ,large,0.3726852368,37.3,mc7,2024-06-15,8:59:39
LXb3EKWsInQ,large,0.3824111459,38.2,mc7,2024-06-15,8:59:40
LXb3EKWsInQ,large,0.3824111459,38.2,mc7,2024-06-15,8:59:41
LXb3EKWsInQ,large,0.3824111459,38.2,mc7,2024-06-15,8:59:42
LXb3EKWsInQ,large,0.3824111459,38.2,mc7,2024-06-15,8:59:43
LXb3EKWsInQ,large,0.3824111459,38.2,mc7,2024-06-15,8:59:44
LXb3EKWsInQ,large,0.4335104095,43.4,mc7,2024-06-15,8:59:45
LXb3EKWsInQ,large,0.4335104095,43.4,mc7,2024-06-15,8:59:46
LXb3EKWsInQ,large,0.4335104095,43.4,mc7,2024-06-15,8:59:47
LXb3EKWsInQ,large,0.4335104095,43.4,mc7,2024-06-15,8:59:48
LXb3EKWsInQ,large,0.4780131357,47.8,mc7,2024-06-15,8:59:49
LXb3EKWsInQ,large,0.4780131357,47.8,mc7,2024-06-15,8:59:50
LXb3EKWsInQ,large,0.4780131357,47.8,mc7,2024-06-15,8:59:51
LXb3EKWsInQ,large,0.4780131357,47.8,mc7,2024-06-15,8:59:52
LXb3EKWsInQ,large,0.4780131357,47.8,mc7,2024-06-15,8:59:53
LXb3EKWsInQ,large,0.4977326395,49.8,mc7,2024-06-15,8:59:54
LXb3EKWsInQ,large,0.4977326395,49.8,mc7,2024-06-15,8:59:55
LXb3EKWsInQ,large,0.4977326395,49.8,mc7,2024-06-15,8:59:56
LXb3EKWsInQ,large,0.4977326395,49.8,mc7,2024-06-15,8:59:57
LXb3EKWsInQ,large,0.5736151255,57.4,mc7,2024-06-15,8:59:58
LXb3EKWsInQ,large,0.5736151255,57.4,mc7,2024-06-15,8:59:59
LXb3EKWsInQ,large,0.5736151255,57.4,mc7,2024-06-15,9:00:00
LXb3EKWsInQ,large,0.5736151255,57.4,mc7,2024-06-15,9:00:01
LXb3EKWsInQ,large,0.5736151255,57.4,mc7,2024-06-15,9:00:02
LXb3EKWsInQ,large,0.5736151255,57.4,mc7,2024-06-15,9:00:03
LXb3EKWsInQ,large,0.5736151255,57.4,mc7,2024-06-15,9:00:04
LXb3EKWsInQ,large,0.5736151255,57.4,mc7,2024-06-15,9:00:05
LXb3EKWsInQ,large,0.5736151255,57.4,mc7,2024-06-15,9:00:06
LXb3EKWsInQ,large,0.5736151255,57.4,mc7,2024-06-15,9:00:07
LXb3EKWsInQ,large,0.5736151255,57.4,mc7,2024-06-15,9:00:08
LXb3EKWsInQ,large,0.5736151255,57.4,mc7,2024-06-15,9:00:09
LXb3EKWsInQ,large,0.578012817,57.8,mc7,2024-06-15,9:00:10
LXb3EKWsInQ,large,0.578012817,57.8,mc7,2024-06-15,9:00:11
LXb3EKWsInQ,large,0.6261802862,62.6,mc7,2024-06-15,9:00:12
LXb3EKWsInQ,large,0.6261802862,62.6,mc7,2024-06-15,9:00:13
LXb3EKWsInQ,large,0.6261802862,62.6,mc7,2024-06-15,9:00:14
LXb3EKWsInQ,large,0.6261802862,62.6,mc7,2024-06-15,9:00:15
LXb3EKWsInQ,large,0.6261802862,62.6,mc7,2024-06-15,9:00:16
LXb3EKWsInQ,large,0.6261802862,62.6,mc7,2024-06-15,9:00:17
LXb3EKWsInQ,large,0.6692171153,66.9,mc7,2024-06-15,9:00:18
LXb3EKWsInQ,large,0.6692171153,66.9,mc7,2024-06-15,9:00:19
LXb3EKWsInQ,large,0.6692171153,66.9,mc7,2024-06-15,9:00:20
LXb3EKWsInQ,large,0.6692171153,66.9,mc7,2024-06-15,9:00:21
LXb3EKWsInQ,large,0.6692171153,66.9,mc7,2024-06-15,9:00:22
LXb3EKWsInQ,large,0.6692171153,66.9,mc7,2024-06-15,9:00:23
LXb3EKWsInQ,large,0.6692171153,66.9,mc7,2024-06-15,9:00:24
LXb3EKWsInQ,large,0.6904025162,69.0,mc7,2024-06-15,9:00:25
LXb3EKWsInQ,large,0.6904025162,69.0,mc7,2024-06-15,9:00:26
LXb3EKWsInQ,large,0.6904025162,69.0,mc7,2024-06-15,9:00:27
LXb3EKWsInQ,large,0.6904025162,69.0,mc7,2024-06-15,9:00:28
LXb3EKWsInQ,large,0.7225152246,72.3,mc7,2024-06-15,9:00:29
LXb3EKWsInQ,large,0.7225152246,72.3,mc7,2024-06-15,9:00:30
LXb3EKWsInQ,large,0.7225152246,72.3,mc7,2024-06-15,9:00:31
LXb3EKWsInQ,large,0.7225152246,72.3,mc7,2024-06-15,9:00:32
LXb3EKWsInQ,large,0.7225152246,72.3,mc7,2024-06-15,9:00:33
LXb3EKWsInQ,large,0.7329517752,73.3,mc7,2024-06-15,9:00:34
LXb3EKWsInQ,large,0.7329517752,73.3,mc7,2024-06-15,9:00:35
LXb3EKWsInQ,large,0.7329517752,73.3,mc7,2024-06-15,9:00:36
LXb3EKWsInQ,large,0.7385731722,73.9,mc7,2024-06-15,9:00:37
LXb3EKWsInQ,large,0.7385731722,73.9,mc7,2024-06-15,9:00:38
LXb3EKWsInQ,large,0.7385731722,73.9,mc7,2024-06-15,9:00:39
LXb3EKWsInQ,large,0.754627933,75.5,mc7,2024-06-15,9:00:40
LXb3EKWsInQ,large,0.754627933,75.5,mc7,2024-06-15,9:00:41
LXb3EKWsInQ,large,0.754627933,75.5,mc7,2024-06-15,9:00:42
LXb3EKWsInQ,large,0.754627933,75.5,mc7,2024-06-15,9:00:43
LXb3EKWsInQ,large,0.7648191051,76.5,mc7,2024-06-15,9:00:44
LXb3EKWsInQ,large,0.7648191051,76.5,mc7,2024-06-15,9:00:45
LXb3EKWsInQ,large,0.7648191051,76.5,mc7,2024-06-15,9:00:46
LXb3EKWsInQ,large,0.7648191051,76.5,mc7,2024-06-15,9:00:47
LXb3EKWsInQ,large,0.7706826938,77.1,mc7,2024-06-15,9:00:48
LXb3EKWsInQ,large,0.7867406414,78.7,mc7,2024-06-15,9:00:49
LXb3EKWsInQ,large,0.7867406414,78.7,mc7,2024-06-15,9:00:50
LXb3EKWsInQ,large,0.7867406414,78.7,mc7,2024-06-15,9:00:51
LXb3EKWsInQ,large,0.7867406414,78.7,mc7,2024-06-15,9:00:52
LXb3EKWsInQ,large,0.7867406414,78.7,mc7,2024-06-15,9:00:53
LXb3EKWsInQ,large,0.7867406414,78.7,mc7,2024-06-15,9:00:54
LXb3EKWsInQ,large,0.7867406414,78.7,mc7,2024-06-15,9:00:55
LXb3EKWsInQ,large,0.796686435,79.7,mc7,2024-06-15,9:00:56
LXb3EKWsInQ,large,0.796686435,79.7,mc7,2024-06-15,9:00:57
LXb3EKWsInQ,large,0.8027954022,80.3,mc7,2024-06-15,9:00:58
LXb3EKWsInQ,large,0.8027954022,80.3,mc7,2024-06-15,9:00:59
LXb3EKWsInQ,large,0.818850163,81.9,mc7,2024-06-15,9:01:00
LXb3EKWsInQ,large,0.818850163,81.9,mc7,2024-06-15,9:01:01
LXb3EKWsInQ,large,0.818850163,81.9,mc7,2024-06-15,9:01:02
LXb3EKWsInQ,large,0.818850163,81.9,mc7,2024-06-15,9:01:03
LXb3EKWsInQ,large,0.828553765,82.9,mc7,2024-06-15,9:01:04
LXb3EKWsInQ,large,0.828553765,82.9,mc7,2024-06-15,9:01:05
LXb3EKWsInQ,large,0.828553765,82.9,mc7,2024-06-15,9:01:06
LXb3EKWsInQ,large,0.8349081106,83.5,mc7,2024-06-15,9:01:07
LXb3EKWsInQ,large,0.8349081106,83.5,mc7,2024-06-15,9:01:08
LXb3EKWsInQ,large,0.8509628714,85.1,mc7,2024-06-15,9:01:09
LXb3EKWsInQ,large,0.8509628714,85.1,mc7,2024-06-15,9:01:10
LXb3EKWsInQ,large,0.8509628714,85.1,mc7,2024-06-15,9:01:11
LXb3EKWsInQ,large,0.8509628714,85.1,mc7,2024-06-15,9:01:12
LXb3EKWsInQ,large,0.8509628714,85.1,mc7,2024-06-15,9:01:13
LXb3EKWsInQ,large,0.8509628714,85.1,mc7,2024-06-15,9:01:14
LXb3EKWsInQ,large,0.8604210949,86.0,mc7,2024-06-15,9:01:15
LXb3EKWsInQ,large,0.8604210949,86.0,mc7,2024-06-15,9:01:16
LXb3EKWsInQ,large,0.8604210949,86.0,mc7,2024-06-15,9:01:17
LXb3EKWsInQ,large,0.8670176322,86.7,mc7,2024-06-15,9:01:18
LXb3EKWsInQ,large,0.8670176322,86.7,mc7,2024-06-15,9:01:19
LXb3EKWsInQ,large,0.8670176322,86.7,mc7,2024-06-15,9:01:20
LXb3EKWsInQ,large,0.8830755797,88.3,mc7,2024-06-15,9:01:21
LXb3EKWsInQ,large,0.8830755797,88.3,mc7,2024-06-15,9:01:22
LXb3EKWsInQ,large,0.8830755797,88.3,mc7,2024-06-15,9:01:23
LXb3EKWsInQ,large,0.8922884248,89.2,mc7,2024-06-15,9:01:24
LXb3EKWsInQ,large,0.8922884248,89.2,mc7,2024-06-15,9:01:25
LXb3EKWsInQ,large,0.8922884248,89.2,mc7,2024-06-15,9:01:26
LXb3EKWsInQ,large,0.8991303406,89.9,mc7,2024-06-15,9:01:27
LXb3EKWsInQ,large,0.8991303406,89.9,mc7,2024-06-15,9:01:28
LXb3EKWsInQ,large,0.9151882881,91.5,mc7,2024-06-15,9:01:29
LXb3EKWsInQ,large,0.9151882881,91.5,mc7,2024-06-15,9:01:30
LXb3EKWsInQ,large,0.9151882881,91.5,mc7,2024-06-15,9:01:31
LXb3EKWsInQ,large,0.9151882881,91.5,mc7,2024-06-15,9:01:32
LXb3EKWsInQ,large,0.9151882881,91.5,mc7,2024-06-15,9:01:33
LXb3EKWsInQ,large,0.9151882881,91.5,mc7,2024-06-15,9:01:34
LXb3EKWsInQ,large,0.9241557548,92.4,mc7,2024-06-15,9:01:35
LXb3EKWsInQ,large,0.9241557548,92.4,mc7,2024-06-15,9:01:36
LXb3EKWsInQ,large,0.9312430489,93.1,mc7,2024-06-15,9:01:37
LXb3EKWsInQ,large,0.9312430489,93.1,mc7,2024-06-15,9:01:38
LXb3EKWsInQ,large,0.9312430489,93.1,mc7,2024-06-15,9:01:39
LXb3EKWsInQ,large,0.9312430489,93.1,mc7,2024-06-15,9:01:40
LXb3EKWsInQ,large,0.9472978098,94.7,mc7,2024-06-15,9:01:41
LXb3EKWsInQ,large,0.9472978098,94.7,mc7,2024-06-15,9:01:42
LXb3EKWsInQ,large,0.9472978098,94.7,mc7,2024-06-15,9:01:43
LXb3EKWsInQ,large,0.9560230847,95.6,mc7,2024-06-15,9:01:44
LXb3EKWsInQ,large,0.9560230847,95.6,mc7,2024-06-15,9:01:45
LXb3EKWsInQ,large,0.9560230847,95.6,mc7,2024-06-15,9:01:46
LXb3EKWsInQ,large,0.9560230847,95.6,mc7,2024-06-15,9:01:47
LXb3EKWsInQ,large,0.9633557573,96.3,mc7,2024-06-15,9:01:48
LXb3EKWsInQ,large,0.9633557573,96.3,mc7,2024-06-15,9:01:49
LXb3EKWsInQ,large,0.9794105181,97.9,mc7,2024-06-15,9:01:50
LXb3EKWsInQ,large,0.9794105181,97.9,mc7,2024-06-15,9:01:51
LXb3EKWsInQ,large,0.9794105181,97.9,mc7,2024-06-15,9:01:52
LXb3EKWsInQ,large,0.9794105181,97.9,mc7,2024-06-15,9:01:53
LXb3EKWsInQ,large,0.9794105181,97.9,mc7,2024-06-15,9:01:54
LXb3EKWsInQ,large,0.9878904146,98.8,mc7,2024-06-15,9:01:55
LXb3EKWsInQ,large,0.9878904146,98.8,mc7,2024-06-15,9:01:56
LXb3EKWsInQ,large,1.0,100.0,mc7,2024-06-15,9:01:57
LXb3EKWsInQ,large,1.0,100.0,mc7,2024-06-15,9:01:58
LXb3EKWsInQ,large,1.0,100.0,mc7,2024-06-15,9:01:59
LXb3EKWsInQ,large,1.0,100.0,mc7,2024-06-15,9:02:00
LXb3EKWsInQ,large,1.0,100.0,mc7,2024-06-15,9:02:01
LXb3EKWsInQ,large,1.0,100.0,mc7,2024-06-15,9:02:02
LXb3EKWsInQ,large,1.0,100.0,mc7,2024-06-15,9:02:03
LXb3EKWsInQ,large,1.0,100.0,mc7,2024-06-15,9:02:04
LXb3EKWsInQ,large,1.0,100.0,mc7,2024-06-15,9:02:05
LXb3EKWsInQ,large,1.0,100.0,mc7,2024-06-15,9:02:06
LXb3EKWsInQ,large,1.0,100.0,mc7,2024-06-15,9:02:07
LXb3EKWsInQ,large,1.0,100.0,mc7,2024-06-15,9:02:08
LXb3EKWsInQ,large,1.0,100.0,mc7,2024-06-15,9:02:09
LXb3EKWsInQ,large,1.0,100.0,mc7,2024-06-15,9:02:10
LXb3EKWsInQ,large,1.0,100.0,mc7,2024-06-15,9:02:11
LXb3EKWsInQ,large,1.0,100.0,mc7,2024-06-15,9:02:12
LXb3EKWsInQ,large,1.0,100.0,mc7,2024-06-15,9:02:13
LXb3EKWsInQ,large,1.0,100.0,mc7,2024-06-15,9:02:14
LXb3EKWsInQ,large,1.0,100.0,mc7,2024-06-15,9:02:15
LXb3EKWsInQ,large,1.0,100.0,mc7,2024-06-15,9:02:16
LXb3EKWsInQ,large,1.0,100.0,mc7,2024-06-15,9:02:17
LXb3EKWsInQ,large,1.0,100.0,mc7,2024-06-15,9:02:18
LXb3EKWsInQ,large,1.0,100.0,mc7,2024-06-15,9:02:19
LXb3EKWsInQ,large,1.0,100.0,mc7,2024-06-15,9:02:20
LXb3EKWsInQ,large,1.0,100.0,mc7,2024-06-15,9:02:21
LXb3EKWsInQ,large,1.0,100.0,mc7,2024-06-15,9:02:22
LXb3EKWsInQ,large,1.0,100.0,mc7,2024-06-15,9:02:23
LXb3EKWsInQ,large,1.0,100.0,mc7,2024-06-15,9:02:24
LXb3EKWsInQ,large,1.0,100.0,mc7,2024-06-15,9:02:25
LXb3EKWsInQ,large,1.0,100.0,mc7,2024-06-15,9:02:26
LXb3EKWsInQ,large,1.0,100.0,mc7,2024-06-15,9:02:27
LXb3EKWsInQ,large,1.0,100.0,mc7,2024-06-15,9:02:28
LXb3EKWsInQ,large,1.0,100.0,mc7,2024-06-15,9:02:29
LXb3EKWsInQ,large,1.0,100.0,mc7,2024-06-15,9:02:30
LXb3EKWsInQ,large,1.0,100.0,mc7,2024-06-15,9:02:31
LXb3EKWsInQ,large,1.0,100.0,mc7,2024-06-15,9:02:32
LXb3EKWsInQ,large,1.0,100.0,mc7,2024-06-15,9:02:33
LXb3EKWsInQ,large,1.0,100.0,mc7,2024-06-15,9:02:34
LXb3EKWsInQ,large,1.0,100.0,mc7,2024-06-15,9:02:35
LXb3EKWsInQ,large,1.0,100.0,mc7,2024-06-15,9:02:36
LXb3EKWsInQ,large,1.0,100.0,mc7,2024-06-15,9:02:37
LXb3EKWsInQ,large,1.0,100.0,mc7,2024-06-15,9:02:38
LXb3EKWsInQ,large,1.0,100.0,mc7,2024-06-15,9:02:39
LXb3EKWsInQ,large,1.0,100.0,mc7,2024-06-15,9:02:40
LXb3EKWsInQ,large,1.0,100.0,mc7,2024-06-15,9:02:41
LXb3EKWsInQ,large,1.0,100.0,mc7,2024-06-15,9:02:42
LXb3EKWsInQ,large,1.0,100.0,mc7,2024-06-15,9:02:43
LXb3EKWsInQ,large,1.0,100.0,mc7,2024-06-15,9:02:44
LXb3EKWsInQ,large,1.0,100.0,mc7,2024-06-15,9:02:45
LXb3EKWsInQ,large,1.0,100.0,mc7,2024-06-15,9:02:46
LXb3EKWsInQ,large,1.0,100.0,mc7,2024-06-15,9:02:47
LXb3EKWsInQ,large,1.0,100.0,mc7,2024-06-15,9:02:48
LXb3EKWsInQ,large,1.0,100.0,mc7,2024-06-15,9:02:49
LXb3EKWsInQ,large,1.0,100.0,mc7,2024-06-15,9:02:50
LXb3EKWsInQ,large,1.0,100.0,mc7,2024-06-15,9:02:51
LXb3EKWsInQ,large,1.0,100.0,mc7,2024-06-15,9:02:52
LXb3EKWsInQ,large,1.0,100.0,mc7,2024-06-15,9:02:53
LXb3EKWsInQ,large,1.0,100.0,mc7,2024-06-15,9:02:54
LXb3EKWsInQ,large,1.0,100.0,mc7,2024-06-15,9:02:55
LXb3EKWsInQ,large,1.0,100.0,mc7,2024-06-15,9:02:56
LXb3EKWsInQ,large,1.0,100.0,mc7,2024-06-15,9:02:57
LXb3EKWsInQ,large,1.0,100.0,mc7,2024-06-15,9:02:58
LXb3EKWsInQ,large,1.0,100.0,mc7,2024-06-15,9:02:59
LXb3EKWsInQ,large,1.0,100.0,mc7,2024-06-15,9:03:00
LXb3EKWsInQ,large,1.0,100.0,mc7,2024-06-15,9:03:01
LXb3EKWsInQ,large,1.0,100.0,mc7,2024-06-15,9:03:02
LXb3EKWsInQ,large,1.0,100.0,mc7,2024-06-15,9:03:03
LXb3EKWsInQ,large,1.0,100.0,mc7,2024-06-15,9:03:04
LXb3EKWsInQ,large,1.0,100.0,mc7,2024-06-15,9:03:05
LXb3EKWsInQ,large,1.0,100.0,mc7,2024-06-15,9:03:06
LXb3EKWsInQ,large,1.0,100.0,mc7,2024-06-15,9:03:07
LXb3EKWsInQ,large,1.0,100.0,mc7,2024-06-15,9:03:08
LXb3EKWsInQ,large,1.0,100.0,mc7,2024-06-15,9:03:09
LXb3EKWsInQ,large,1.0,100.0,mc7,2024-06-15,9:03:10
LXb3EKWsInQ,large,1.0,100.0,mc7,2024-06-15,9:03:11
LXb3EKWsInQ,large,1.0,100.0,mc7,2024-06-15,9:03:12
LXb3EKWsInQ,large,1.0,100.0,mc7,2024-06-15,9:03:13
LXb3EKWsInQ,large,1.0,100.0,mc7,2024-06-15,9:03:14
LXb3EKWsInQ,large,1.0,100.0,mc7,2024-06-15,9:03:15
LXb3EKWsInQ,large,1.0,100.0,mc7,2024-06-15,9:03:16
LXb3EKWsInQ,large,1.0,100.0,mc7,2024-06-15,9:03:17
LXb3EKWsInQ,large,1.0,100.0,mc7,2024-06-15,9:03:18
LXb3EKWsInQ,large,1.0,100.0,mc7,2024-06-15,9:03:19
LXb3EKWsInQ,large,1.0,100.0,mc7,2024-06-15,9:03:20
LXb3EKWsInQ,large,1.0,100.0,mc7,2024-06-15,9:03:21
LXb3EKWsInQ,large,1.0,100.0,mc7,2024-06-15,9:03:22
LXb3EKWsInQ,large,1.0,100.0,mc7,2024-06-15,9:03:23
LXb3EKWsInQ,large,1.0,100.0,mc7,2024-06-15,9:03:24
LXb3EKWsInQ,large,1.0,100.0,mc7,2024-06-15,9:03:25
LXb3EKWsInQ,large,1.0,100.0,mc7,2024-06-15,9:03:26
LXb3EKWsInQ,large,1.0,100.0,mc7,2024-06-15,9:03:27
LXb3EKWsInQ,large,1.0,100.0,mc7,2024-06-15,9:03:28
LXb3EKWsInQ,large,1.0,100.0,mc7,2024-06-15,9:03:29
LXb3EKWsInQ,large,1.0,100.0,mc7,2024-06-15,9:03:30
LXb3EKWsInQ,large,1.0,100.0,mc7,2024-06-15,9:03:31
LXb3EKWsInQ,large,1.0,100.0,mc7,2024-06-15,9:03:32
LXb3EKWsInQ,large,1.0,100.0,mc7,2024-06-15,9:03:33
LXb3EKWsInQ,large,1.0,100.0,mc7,2024-06-15,9:03:34
LXb3EKWsInQ,large,1.0,100.0,mc7,2024-06-15,9:03:35
LXb3EKWsInQ,large,1.0,100.0,mc7,2024-06-15,9:03:36
LXb3EKWsInQ,large,1.0,100.0,mc7,2024-06-15,9:03:37
LXb3EKWsInQ,large,1.0,100.0,mc7,2024-06-15,9:03:38
LXb3EKWsInQ,large,1.0,100.0,mc7,2024-06-15,9:03:39
LXb3EKWsInQ,large,1.0,100.0,mc7,2024-06-15,9:03:40
LXb3EKWsInQ,large,1.0,100.0,mc7,2024-06-15,9:03:41
LXb3EKWsInQ,large,1.0,100.0,mc7,2024-06-15,9:03:42
LXb3EKWsInQ,large,1.0,100.0,mc7,2024-06-15,9:03:43
LXb3EKWsInQ,large,1.0,100.0,mc7,2024-06-15,9:03:44
LXb3EKWsInQ,large,1.0,100.0,mc7,2024-06-15,9:03:45
LXb3EKWsInQ,large,1.0,100.0,mc7,2024-06-15,9:03:46
LXb3EKWsInQ,large,1.0,100.0,mc7,2024-06-15,9:03:47
LXb3EKWsInQ,large,1.0,100.0,mc7,2024-06-15,9:03:48
LXb3EKWsInQ,large,1.0,100.0,mc7,2024-06-15,9:03:49
LXb3EKWsInQ,large,1.0,100.0,mc7,2024-06-15,9:03:50
LXb3EKWsInQ,large,1.0,100.0,mc7,2024-06-15,9:03:51
LXb3EKWsInQ,large,1.0,100.0,mc7,2024-06-15,9:03:52
LXb3EKWsInQ,large,1.0,100.0,mc7,2024-06-15,9:03:53
LXb3EKWsInQ,large,1.0,100.0,mc7,2024-06-15,9:03:54
LXb3EKWsInQ,large,1.0,100.0,mc7,2024-06-15,9:03:55
LXb3EKWsInQ,large,1.0,100.0,mc7,2024-06-15,9:03:56
LXb3EKWsInQ,large,1.0,100.0,mc7,2024-06-15,9:03:57
LXb3EKWsInQ,large,1.0,100.0,mc7,2024-06-15,9:03:58
LXb3EKWsInQ,large,1.0,100.0,mc7,2024-06-15,9:03:59
LXb3EKWsInQ,large,1.0,100.0,mc7,2024-06-15,9:04:00
LXb3EKWsInQ,large,1.0,100.0,mc7,2024-06-15,9:04:01
LXb3EKWsInQ,large,1.0,100.0,mc7,2024-06-15,9:04:02
LXb3EKWsInQ,large,1.0,100.0,mc7,2024-06-15,9:04:03
LXb3EKWsInQ,large,1.0,100.0,mc7,2024-06-15,9:04:04
LXb3EKWsInQ,large,1.0,100.0,mc7,2024-06-15,9:04:05
LXb3EKWsInQ,large,1.0,100.0,mc7,2024-06-15,9:04:06
LXb3EKWsInQ,large,1.0,100.0,mc7,2024-06-15,9:04:07
LXb3EKWsInQ,large,1.0,100.0,mc7,2024-06-15,9:04:08
LXb3EKWsInQ,large,1.0,100.0,mc7,2024-06-15,9:04:09
LXb3EKWsInQ,large,1.0,100.0,mc7,2024-06-15,9:04:10
LXb3EKWsInQ,large,1.0,100.0,mc7,2024-06-15,9:04:11
LXb3EKWsInQ,large,1.0,100.0,mc7,2024-06-15,9:04:12
LXb3EKWsInQ,large,1.0,100.0,mc7,2024-06-15,9:04:13
LXb3EKWsInQ,large,1.0,100.0,mc7,2024-06-15,9:04:14
LXb3EKWsInQ,large,1.0,100.0,mc7,2024-06-15,9:04:15
LXb3EKWsInQ,large,1.0,100.0,mc7,2024-06-15,9:04:16
LXb3EKWsInQ,large,1.0,100.0,mc7,2024-06-15,9:04:17
LXb3EKWsInQ,large,1.0,100.0,mc7,2024-06-15,9:04:18
LXb3EKWsInQ,large,1.0,100.0,mc7,2024-06-15,9:04:19
LXb3EKWsInQ,large,1.0,100.0,mc7,2024-06-15,9:04:20
LXb3EKWsInQ,large,1.0,100.0,mc7,2024-06-15,9:04:21
LXb3EKWsInQ,large,1.0,100.0,mc7,2024-06-15,9:04:22
LXb3EKWsInQ,large,1.0,100.0,mc7,2024-06-15,9:04:23
LXb3EKWsInQ,large,1.0,100.0,mc7,2024-06-15,9:04:24
LXb3EKWsInQ,large,1.0,100.0,mc7,2024-06-15,9:04:25
LXb3EKWsInQ,large,1.0,100.0,mc7,2024-06-15,9:04:26
LXb3EKWsInQ,large,1.0,100.0,mc7,2024-06-15,9:04:27
LXb3EKWsInQ,large,1.0,100.0,mc7,2024-06-15,9:04:28
