Video,Quality,Status,TimeStall,Eid,Date,Time,Category
Baur2Ypgd60,"unknown,",3,0.0,10wy,2024-03-10,17:39:19,buffering
Baur2Ypgd60,"unknown,",-1,0.0,10wy,2024-03-10,17:39:19,unstarted
Baur2Ypgd60,"medium,",1,0.09166192943,10wy,2024-03-10,17:39:20,playing
Baur2Ypgd60,"hd2160,",3,12.01847,10wy,2024-03-10,17:39:32,buffering
Baur2Ypgd60,"hd2160,",1,12.12308203,10wy,2024-03-10,17:40:56,playing
Baur2Ypgd60,"hd2160,",3,17.606013,10wy,2024-03-10,17:41:02,buffering
Baur2Ypgd60,"small,",1,18.44396004,10wy,2024-03-10,17:41:18,playing
Baur2Ypgd60,"large,",0,204.941,10wy,2024-03-10,17:44:25,ended
